ticker,in_index,passive_ownership,market_cap,avg_volume,avg_price,liquidity,overall_vol,overall_mean,left_tail_vol,right_tail_vol,tail_asymmetry_ratio,overall_skewness,overall_kurtosis,var_95,var_99,cvar_95,stress_period_skewness,normal_period_skewness,conditional_skewness_change,stress_volatility,normal_volatility,left_tail_mean,passive_category,log_market_cap,log_liquidity
RUI000,True,0.6391451600365023,256578358.39603758,4110708.61286118,83.25732425554169,342246599.90103126,0.4357151182105409,-0.00044137176109101625,0.6224155494157729,0.39153594317879187,1.5896766574290004,-1.057117042649899,3.3898925333006975,-0.06513538717120336,-0.09179716321900723,-0.08467600332256438,-1.3533739435599474,-0.24850433673534755,-1.1048696068245998,0.7371182400035112,0.4357151182105409,-0.31164914646897746,High (>40%),19.362944666745037,19.651042087535732
RUI001,True,0.521461822896964,104970847.25696015,3811105.670140771,65.36974944079098,249131022.74948,0.34202867683309857,-0.0006766643041293562,0.5309328736927117,0.322714896078843,1.6452072096572778,-0.9015583101530344,5.514883224642292,-0.05586194935147795,-0.07860497591644586,-0.07262053415692134,-1.0779918390177747,-0.2816618325877626,-0.7963300064300121,0.5665494844409751,0.34202867683309857,-0.26614310115048523,High (>40%),18.469193224399433,19.33348951181757
RUI002,True,0.5530325562965426,94291175.10639338,1373214.685251031,37.56282587079505,51581824.105303116,0.47374054187666875,-0.00013866484200260223,0.6447896520060304,0.38633625353188406,1.6689856209749065,-0.8669933674853549,4.187417619770672,-0.06715824962312474,-0.09477844213898114,-0.08730572451006216,-1.559380642609197,-0.3282876209465479,-1.231093021662649,0.7892089956836121,0.47374054187666875,-0.3225334908450178,High (>40%),18.361898160047343,17.758679922377333
RUI003,True,0.5291643879239978,219514302.97839212,6302249.20555968,66.15062526624746,416897725.5314842,0.42977857294785493,0.0006123392292347803,0.6161158279706378,0.3586116885954481,1.7180584112685784,-0.5511755333079205,4.665509703929164,-0.06342688168444582,-0.08981880303068995,-0.08245494618977957,-1.2562654939296458,-0.25243248320104567,-1.0038330107286002,0.7128949140708226,0.42977857294785493,-0.30744557475608414,High (>40%),19.20692794998934,19.84835148716688
RUI004,True,0.5124849086790136,182426571.619083,4480831.041859884,57.433731752048644,257350848.08443323,0.4839035304264752,-3.846036344198547e-05,0.7001599404789633,0.40851605645280936,1.71391045570774,-0.6799463560629465,3.1015914178080655,-0.07281324566790039,-0.10280527839943476,-0.09465721936827051,-1.5449131790099166,-0.2697973701358821,-1.2751158088740344,0.8002532726197321,0.4839035304264752,-0.35011843060292364,High (>40%),19.021858302730735,19.365950879509068
RUI005,True,0.6808967385485198,30672783.070604496,2046414.401544763,48.347504550133436,98939029.59014402,0.47723053092060874,-0.0003261767510631438,0.7040662829613653,0.4372303950610339,1.6102866838959886,-0.7925866467619185,5.780659403814391,-0.07350698819190404,-0.1036663529069173,-0.09555908464947525,-1.7643632700043126,-0.25496821237881573,-1.5093950576254969,0.8133292099927995,0.47723053092060874,-0.3523593182317458,High (>40%),17.2388862744126,18.4100143556517
RUI006,True,0.5650585940117443,352736641.99263924,7517313.91774721,21.76393390661795,163606323.26114953,0.3916572922605007,-0.00034590563445777205,0.6023306419790206,0.4070981198116761,1.4795711713374142,-0.597229546960792,3.9703822068040524,-0.06295229114450802,-0.08875371062743784,-0.08183797848786044,-1.7442868901729685,-0.09675420465984111,-1.6475326855131274,0.6538787340605007,0.3916572922605007,-0.3015112266239681,High (>40%),19.681232279780716,18.912973632126523
RUI007,True,0.6500256328225962,326543289.1415469,12692693.493587745,89.79437937164201,1139732534.8111901,0.3183499080075208,-0.0009815954043483285,0.4770358520254714,0.34987064800824574,1.363463482121623,-0.7471554533008018,5.124834027059883,-0.050564811619109945,-0.07099910678640566,-0.06573425510484293,-1.2772702204613593,-0.2123859879348142,-1.064884232526545,0.5396055421347623,0.3183499080075208,-0.23949952141708403,High (>40%),19.60407308331796,20.854059453238893
RUI008,True,0.5313484666388327,65630418.218168855,2608706.754207014,50.48061839391902,131689130.16076338,0.42764232167870553,0.0002415548885735795,0.5941439165821935,0.4094612846388279,1.4510380806973433,-0.6754108266166425,9.775068796674411,-0.06151390050014884,-0.08696463363004658,-0.0799680706501935,-1.3941701764817436,-0.25968100449686116,-1.1344891719848824,0.7096316100862134,0.42764232167870553,-0.29683040340252315,High (>40%),17.999549838792376,18.69595462846118
RUI009,True,0.6238189386823974,148581297.86117932,3227782.51289736,27.516026063868857,88815747.75338387,0.3853548577617392,-0.00023891859850640103,0.5054289640638124,0.36239788096151404,1.394679689414321,-0.8243456524336483,4.283274068538933,-0.052773321411150494,-0.07442386317636139,-0.06860531783449564,-1.558789528119923,-0.04507002921301767,-1.5137194989069054,0.6501497841581192,0.3853548577617392,-0.2529534006304126,High (>40%),18.816642826749927,18.30207453180473
RUI010,True,0.6384908791164949,160728015.39550233,4458425.551709945,43.09834157895607,192150747.3319409,0.3948266961831691,-0.00029023995679531287,0.556078370334308,0.30189890297593364,1.8419357104409109,-0.7484147955019718,6.075882041401181,-0.058089153710485376,-0.08190931210594551,-0.075515899823631,-1.748022551462474,-0.16120873644124858,-1.5868138150212254,0.6678680175781495,0.3948266961831691,-0.2783294251239493,High (>40%),18.89522414902619,19.073790764282894
RUI011,True,0.6068762171590386,133356828.237127,4919883.589617953,47.27167772760343,232571151.5057446,0.4560445913627517,0.0013965537839224303,0.6044680678659822,0.3987558612878223,1.5158850979990401,-0.898496095871434,4.3815412417766115,-0.0614319962645923,-0.08732497446640443,-0.07986159514397,-1.5597181565569833,-0.33523500922231,-1.2244831473346733,0.7670956719827475,0.4560445913627517,-0.30083748014906864,High (>40%),18.708539012659127,19.264706764156372
RUI012,True,0.6281726776571368,69703136.65372196,2603342.011813126,84.47841060101868,219926195.4088313,0.5189999852589308,-5.062354581715687e-05,0.7697142514453689,0.45057129310902294,1.7083073493968115,-1.2815246469116557,3.7405961012651274,-0.08005489993500832,-0.11302635929540228,-0.10407136991551082,-1.4709288771909512,-0.5082025958843632,-0.962726281306588,0.8763064610216312,0.5189999852589308,-0.3849077492685016,High (>40%),18.059755876923663,19.208802572617767
RUI013,True,0.6300860995059459,63256048.25907465,2445938.946622104,76.02529425052619,185953228.13576752,0.45689399455588026,-0.0005758955250475922,0.6288637762454815,0.3965212838953744,1.5859521336852442,-0.8247134699046131,7.458614317618527,-0.06594014111543199,-0.09287813323752982,-0.08572218345006159,-1.35850158023641,-0.47419182203925897,-0.8843097581971511,0.771705758309042,0.45689399455588026,-0.31500778364778836,High (>40%),17.96270130564956,19.04100573842004
RUI014,True,0.6367251980117925,106064371.19744758,2300785.6452155528,79.23744042772059,182308365.49972203,0.3716688755480332,-0.00041317879810277164,0.5405757304778723,0.32893936127273404,1.6433902236153,-0.5169644101575894,2.6324530911207127,-0.05660074459830571,-0.07975683232202571,-0.07358096797779742,-1.484711646822213,-0.1873601723550134,-1.2973514744671997,0.6284985948354923,0.3716688755480332,-0.27070104403703893,High (>40%),18.479556743206842,19.021210127239605
RUI015,True,0.5761029945841866,276627727.2792372,4170233.0349606834,10.992813798578249,45842595.25000265,0.43381020482255345,0.0003742228545983774,0.6219774268542123,0.38067388741298636,1.6338851899747986,-0.5985717391183474,6.673486464402293,-0.0642742539956632,-0.09091726263698312,-0.08355653019436216,-1.4245418485399468,-0.40976747080478454,-1.0147743777351623,0.7256911146576659,0.43381020482255345,-0.3106144905725078,High (>40%),19.43818321540749,17.640724244169622
RUI016,True,0.4959133758434799,167229908.91289386,2130033.8801517263,47.45385983617854,101078329.19503154,0.484910492013813,-0.00014336479473111777,0.6562111143218046,0.38640857182654426,1.6982312561543602,-0.5455357411250986,2.5698422916930355,-0.06835009899677674,-0.09645954097095312,-0.08885512869580976,-1.4597922428683368,-0.4503909967354882,-1.0094012461328485,0.7995078177436673,0.484910492013813,-0.3282489219556334,High (>40%),18.934880123675544,18.4314063108169
RUI017,True,0.6922877781080241,80479136.45547317,6641952.288702425,53.32097364717912,354155362.95172304,0.40045893552377,-0.0009191389891586834,0.6224255085549799,0.3821046630878667,1.6289398394801853,-0.566187439408446,6.405978101435708,-0.06561418955449157,-0.09227639221171968,-0.08529844642083904,-1.2315850896835785,-0.4521703546246848,-0.7794147350588937,0.6838582512948316,0.40045893552377,-0.31213189326664864,High (>40%),18.203508534331114,19.685246253213794
RUI018,True,0.44880965632813563,200707457.09728086,2572803.6299067126,11.727304914075102,30172052.65195525,0.4154949048988724,0.00025961446728760176,0.5533235157574937,0.34907357919189047,1.5851200111977661,-0.7038848713438222,4.690042461612422,-0.05725295906785823,-0.08095511058537289,-0.07442884678821571,-1.5357929687573035,-0.3928695780792322,-1.1429233906780714,0.679185794990435,0.4154949048988724,-0.27640214341145924,High (>40%),19.117358968518676,17.2224266450143
RUI019,True,0.4924948347800431,11085692.861459242,596163.3279129536,33.38318878705308,19901832.92363596,0.4487773778225675,-0.000534072042769497,0.6207218700841977,0.41874106981137227,1.482352496170988,-0.7049449897213966,3.3925350162165984,-0.06505204603348032,-0.0916412716781369,-0.08456765984352442,-1.5173234975707384,-0.170901816788671,-1.3464216807820675,0.7394722288969752,0.4487773778225675,-0.31089500708486834,High (>40%),16.22116590349594,16.806322392168532
RUI020,True,0.630095531885593,271375101.5308922,4009699.7004979397,78.42608408099215,314465045.8507805,0.36683818168577553,0.0007366488881087728,0.5053337924648267,0.3918158867374182,1.2897225701404098,-0.9095159366639342,4.055675831176445,-0.05178786176663988,-0.07343432676374842,-0.06732422029663185,-1.533521538957208,-0.34953041774446003,-1.183991121212748,0.619600202290236,0.36683818168577553,-0.2519302473443046,High (>40%),19.419012560297684,19.566383485959143
RUI021,True,0.6244564871028768,26915933.07848722,2245463.642453881,22.339873515609916,50163373.75632043,0.477619813587136,0.00034002403285732425,0.6209487602169176,0.40742359054710015,1.5240864167513954,-0.8708068196290271,5.951763130721803,-0.06420153297045074,-0.09080047767484438,-0.08346199286158597,-1.4112924993576006,-0.5307474874654863,-0.8805450118921143,0.8059055576697102,0.477619813587136,-0.31013435607560147,High (>40%),17.10822897697752,17.73079571192184
RUI022,True,0.6478991737610658,81007090.58383317,2399033.520469908,58.17791183073325,139570760.6328719,0.42978723508490213,-0.0004236609478293756,0.587467454825458,0.3129522724354351,1.877179067126467,-0.6878965162417949,9.371393280239719,-0.06148516336545284,-0.08664990375574615,-0.0799307123750887,-1.6511361786483496,-0.3249231000878597,-1.32621307856049,0.7282184909787215,0.42978723508490213,-0.2941573883605584,High (>40%),18.210047246877494,18.754082275300686
RUI023,True,0.6420781554815026,44201270.204752244,3607236.383324154,29.368168481551375,105937925.8582458,0.46255925065258285,0.00044050818086755644,0.6425922089523892,0.41158881679910525,1.561247980326044,-0.5704716265678729,2.841079360253752,-0.06635067386367681,-0.09387673676688298,-0.08625587602277986,-1.4758863853172892,-0.2950757112290643,-1.180810674088225,0.7829386331168492,0.46255925065258285,-0.32085559629532706,High (>40%),17.604264084299086,18.47836387543181
RUI024,True,0.6592610845109478,38426382.250280574,1269115.2789923663,11.090869717950394,14075592.216364602,0.4001103954541999,-0.00016607224473629836,0.562848787216431,0.3933558321961186,1.4308896453219662,-0.8562189603057702,3.451762252721748,-0.058668704686875066,-0.08277888048121106,-0.07626931609293759,-1.4952393169441676,-0.40375274611831735,-1.0914865708258503,0.6792987571506719,0.4001103954541999,-0.2815904658529518,High (>40%),17.464254819423275,16.459952806867896
RUI025,True,0.5029734577904699,274006237.8318332,6640626.998514444,31.708131183958734,210561872.01263413,0.3862554556303409,0.0002263868375611097,0.5188535673089995,0.4106039027417276,1.26363525491223,-0.822064889670622,3.0307884131859457,-0.053703372325087366,-0.07592897004060312,-0.06981438402261358,-1.4968671703035648,-0.127211928929189,-1.3696552413743757,0.6376660560781592,0.3862554556303409,-0.2592003968169386,High (>40%),19.428661429902817,19.165290096699216
RUI026,True,0.4145730695638164,74464945.24206199,1740795.7638115252,97.82863794190484,170299678.50871938,0.47212730306009165,4.236640864723737e-05,0.5882794956544961,0.3991972579866,1.47365615340535,-0.6914421993672455,4.369603121142172,-0.0611035397195788,-0.08630306466939316,-0.07943460163545243,-1.292221729912299,-0.346055446766606,-0.9461662831456932,0.76691033416649,0.47212730306009165,-0.2940973814186008,High (>40%),18.125839038950488,18.953070257837357
RUI027,True,0.6596124638937928,142835347.01908472,11420487.305833023,82.13834006946907,938059870.0855675,0.39039391309789756,-0.0006231783274954368,0.5407476915916483,0.36598682022328455,1.4775059147259566,-0.6228713314352643,6.472617510021346,-0.05682861780542863,-0.07999207165087989,-0.07387720314705723,-1.5432837356139284,-0.16567183978318603,-1.3776118958307424,0.6628434769191394,0.39039391309789756,-0.27099702412331955,High (>40%),18.777203105384572,20.659324332316952
RUI028,True,0.5550026485052033,104266797.93111436,1786380.2399230313,96.361897988893,172138990.44883737,0.5182889558229461,-0.000521774916158731,0.652413770564945,0.46176511487324107,1.412869334540438,-1.0503635584351771,2.929564436380316,-0.06833381233443286,-0.096280591391661,-0.08883395603476273,-1.5988997228463926,-0.22148311274979424,-1.3774166100965983,0.8637289566862386,0.5182889558229461,-0.3267286601986312,High (>40%),18.462463536896653,18.9638127924585
RUI029,True,0.5292646900121394,158558261.11888725,4856909.836853097,53.90686395337262,261820777.80903712,0.40255441185550306,0.0003149804087905807,0.5826164880144026,0.3633702999332396,1.6033684869716762,-1.199671601508206,4.646974171650221,-0.06024231140239328,-0.08519925590639633,-0.07831500482311127,-1.3874931369415864,-0.16686211179576685,-1.2206310251458194,0.6677489685843712,0.40255441185550306,-0.2909932635984107,High (>40%),18.881632661778497,19.38317077348959
RUI030,True,0.6568914211969548,115116764.28760499,4712767.879613414,19.876257880975317,93672189.70837346,0.44352256071817686,-0.0003673876660532704,0.6260490320828449,0.4809699904568704,1.3016384483534302,-0.9298960906936381,6.392959309318084,-0.06543906810056381,-0.09225648791599846,-0.08507078853073295,-1.7563883626830266,-0.4961609103603502,-1.2602274523226764,0.752687690650188,0.44352256071817686,-0.3133919037074757,High (>40%),18.561457512848204,18.35531190174963
RUI031,True,0.5611383174019571,38787408.18661974,2198061.2648234977,59.31635400763236,130380980.11473474,0.48837861075599265,-0.0004018242316209984,0.6210103040759978,0.4020364208442797,1.5446618064400015,-1.0126621036852443,4.036889520503037,-0.06494977811780171,-0.09155135911331863,-0.08443471155314224,-1.7627746182219393,-0.29748113464467607,-1.465293483577263,0.8147823017024058,0.48837861075599265,-0.3109069762696199,High (>40%),17.473606220649145,18.685971338802673
RUI032,True,0.5306395040377996,240207443.42032984,4865048.532128021,50.89396011039648,247601585.92926645,0.340919094686162,-0.0006775612896746765,0.4801239305174024,0.3155661446755571,1.521468442094864,-0.8440649656924902,5.004919680919649,-0.0505817530933851,-0.0711483291094597,-0.06575627902140063,-1.325360048680864,-0.31405210149377527,-1.0113079471870887,0.5656501838256272,0.340919094686162,-0.24073952654837585,High (>40%),19.29701345555771,19.327331503961254
RUI033,True,0.6147314064428794,72928840.31359361,2446354.45209398,85.99213744656544,210367248.2874828,0.3472495172137299,1.1799532796730536e-05,0.4833849669040523,0.32547589431272,1.4851636491383657,-0.8174800615117043,7.236546418162033,-0.050231345143233304,-0.07093761082790023,-0.0653007486862033,-1.3069200505249225,-0.5362472600247059,-0.7706727905002166,0.584913831051617,0.3472495172137299,-0.24168068391922942,High (>40%),18.10499473347095,19.164365362678048
RUI034,True,0.6598219733949111,31162764.080191586,1602009.6495968876,18.827432270582015,30161728.17460423,0.3688115357682,0.0008312624596215726,0.5489938276702114,0.36314988952612315,1.511755458294638,-0.9177731840409175,3.272161957467186,-0.05623128229956817,-0.07974796741244636,-0.07310066698943862,-1.5881253040849117,-0.1662052852085458,-1.4219200188763659,0.6262222902547145,0.3688115357682,-0.27366565137548415,High (>40%),17.254734481072198,17.222084399681407
RUI035,True,0.6319595890614302,76860901.42907333,2503065.4716679556,53.94170233196004,135019612.59012002,0.4996289751948183,-0.0007337664571271364,0.7248632355092306,0.4586282333673613,1.580502862170317,-0.5130080546299745,2.689095312986004,-0.0760762179307048,-0.10712644035617923,-0.09889908330991626,-1.585947385304094,-0.4490020523483885,-1.1369453329557055,0.8441670593464178,0.4996289751948183,-0.36316538421174244,High (>40%),18.15750787122727,18.720930604296147
RUI036,True,0.6661339583983199,359637749.8929819,11010140.429385142,23.50437982245858,258786522.5508756,0.36785604581211157,-0.00018789027166362098,0.47741354580002004,0.33872074095467947,1.4094606207297402,-0.7438015117412243,5.223455779261101,-0.04981036406425068,-0.07026083811210473,-0.06475347328352589,-1.3396206776725337,-0.4246619660050614,-0.9149587116674722,0.62529648989344,0.36785604581211157,-0.23889466317167365,High (>40%),19.700607832507448,19.37151404253821
RUI037,True,0.48339151349619924,213720018.9434897,15027477.88769385,39.22083342010539,589390206.9575578,0.5354278323176701,0.0005061102777077146,0.7039143852744135,0.4824052382742469,1.4591764960774303,-0.6271306623661357,5.2756661522514605,-0.0726589128826032,-0.10281177091230709,-0.09445658674738416,-1.4994959676477082,-0.44867567803889874,-1.0508202896088095,0.8807881295461135,0.5354278323176701,-0.35145108235949907,High (>40%),19.180177393690794,20.194599012855925
RUI038,True,0.6395757062841896,81905630.29849043,2117875.641606197,76.36213696490196,161725509.81896207,0.4069890336871721,-0.0002398206956228576,0.5734543913197143,0.37552611905164096,1.5270692562422137,-0.6804000876056013,3.9475329982143506,-0.05984480206836818,-0.08440927924016624,-0.07779824268887864,-1.6914148406383356,-0.22273719234628198,-1.4686776482920536,0.6885736401318759,0.4069890336871721,-0.28696701635548,High (>40%),18.221078292473713,18.90141107227125
RUI039,True,0.6517805460436741,81865960.24029157,1410532.4533570316,52.84163164318899,74534836.32105592,0.44644883190864754,2.618589812486695e-05,0.6470123247849844,0.39427720566698266,1.6410087001871185,-1.046768541346624,3.7084365175096528,-0.06722442400302882,-0.09493982687138307,-0.08739175120393747,-1.400661553064628,-0.5592455670246241,-0.8414159860400039,0.756969246895565,0.44644883190864754,-0.3234799764943673,High (>40%),18.220593836545255,18.126777175683127
RUI040,True,0.6098001593821906,83695180.99123877,2712814.3422713494,43.82994566311924,118902505.2158838,0.5130546216475649,-0.0007311967640734399,0.704641548850744,0.48775504247940243,1.4446627661066171,-0.58608899888982,4.72282703023404,-0.07397180147381213,-0.10415580826328022,-0.09616334191595577,-1.4724332890519238,-0.2292788118067529,-1.243154477245171,0.8634401694870837,0.5130546216475649,-0.3530519711894455,High (>40%),18.242691959026093,18.59381443137919
RUI041,True,0.6250997757096122,570143354.8156314,32563959.773341294,45.50286507130318,1481753467.7536933,0.43906713500160144,1.41535486038243e-05,0.5606429560755487,0.38727247489892397,1.4476705482925774,-0.6907621579815395,3.2560862824037398,-0.05825920429723944,-0.08227489116704154,-0.07573696558641128,-1.1349214647900783,-0.16834285720540335,-0.966578607584675,0.7409389327856911,0.43906713500160144,-0.2803073244891705,High (>40%),20.161398386848674,21.116491998939043
RUI042,True,0.49249352259056767,146941978.3589391,2659143.7714678682,51.350209156538796,136547588.84218243,0.5300746428704234,-0.0002935721325022744,0.6961087121380994,0.5001091168662507,1.3919136617624728,-0.5995311924392585,3.2574914109698927,-0.07264727183111465,-0.10246576625236095,-0.09444145338044904,-1.717306568162986,-0.2179219403742495,-1.4993846277887366,0.8734294627365926,0.5300746428704234,-0.34834792820155197,High (>40%),18.80554836178524,18.732183748036274
RUI043,True,0.6917191781934877,152707260.68563473,9230293.447804654,80.65148894533512,744436909.9678162,0.47259416058923753,0.00029286499783993155,0.6215745973697802,0.42733499280342163,1.4545370911286704,-0.991431718012427,5.937039707380961,-0.06431374166312774,-0.09093949471128412,-0.08360786416206607,-1.649602396173095,-0.2314495630617332,-1.4181528331113618,0.8069619741984049,0.47259416058923753,-0.31049443368705015,High (>40%),18.844033317752857,20.42813866501714
RUI044,True,0.5898561504207871,246834039.33233938,12552237.197468568,90.2876220046211,1133311647.3973866,0.44168166105992257,0.00039369302578237566,0.6230151605010705,0.4356834010174679,1.429972220759661,-1.0009415127420986,3.1962173671154153,-0.06436264609849283,-0.09105010707092141,-0.08367143992804069,-1.3182506537854188,-0.20403925964745107,-1.1142113941379677,0.7406810848811634,0.44168166105992257,-0.3111138872247529,High (>40%),19.324226763225475,20.848409845067984
RUI045,True,0.5566544373845496,131042378.2864832,2813240.784636965,95.98012178535355,270015193.1209795,0.4556894781479116,0.001094781821009307,0.6241091318137041,0.41466355941132493,1.5050976090103445,-0.589795042067239,2.7246578826397916,-0.06377526493319925,-0.0905095872319034,-0.08290784441315903,-1.3561764176234987,-0.45374453648577456,-0.9024318811377241,0.7596326882460128,0.4556894781479116,-0.31095978408584274,High (>40%),18.69103132722121,19.413988786197947
RUI046,True,0.6661239356295092,87992864.44859572,3883216.313638499,80.82130476297655,313846609.14513946,0.46978265913466843,8.981658660678785e-05,0.7066469087089069,0.3731188340628433,1.8938923586738279,-0.7287750088692397,3.706184393776545,-0.07335922568817763,-0.10362913401960393,-0.09536699339463092,-1.3557621750604498,-0.11801454017625027,-1.2377476348841996,0.7985540308399871,0.46978265913466843,-0.35323363776784666,High (>40%),18.292766283343436,19.564414918607444
RUI047,True,0.5413416596655689,92518586.80521783,6796874.209784069,38.38662061732114,260909031.6746355,0.4039171802876711,-3.710184170891678e-05,0.5607909307740527,0.4053387165047402,1.3835118826293877,-0.9269684682687378,3.9779164766084056,-0.05832584021176035,-0.08234786572184216,-0.07582359227528845,-1.3840669882113243,-0.3772797700531386,-1.0067872181581858,0.6714729294548161,0.4039171802876711,-0.2804325672287353,High (>40%),18.342920120732018,19.37968236688853
RUI048,True,0.6089391923997645,102228288.45263305,2644759.0703618983,71.93212354778879,190243136.2034071,0.39088784897830686,-0.000102807849211332,0.5347672733812164,0.32590331173152,1.6408770765169736,-0.9608203357488252,5.494613132337667,-0.05568664128239235,-0.07859391809121848,-0.07239263366711006,-1.43864999477307,-0.3317459811184487,-1.1069040136546213,0.6577398527901797,0.39088784897830686,-0.26748644453981957,High (>40%),18.44271899246875,19.06381347628078
RUI049,True,0.5072095556049135,105078916.42173168,2935434.8248910233,49.384281164985275,144964338.7339076,0.4322902136351384,-0.0003765831464053442,0.5490939434615231,0.37584642612576946,1.4609529459188733,-0.5151205169155324,3.805104504161477,-0.057449533963978415,-0.08097050763425095,-0.07468439415317195,-1.462928391035719,-0.3513375088736266,-1.1115908821620923,0.7142138385977771,0.4322902136351384,-0.27492355487716685,High (>40%),18.470222210792127,18.79199833037055
RUI050,True,0.6295151786117854,193754729.24563852,3507607.4659774634,32.92035598414461,115471686.4326215,0.41265474902940547,-3.075807826915443e-05,0.5307423754199246,0.3552667173982768,1.4939265330192142,-1.041968313729791,7.729031974299581,-0.05519624269131489,-0.0779311090772974,-0.07175511549870936,-1.2482464973515142,-0.25217171759076074,-0.9960747797607534,0.6969138519561825,0.41265474902940547,-0.26540194578823145,High (>40%),19.082103634909583,18.564535918763116
RUI051,True,0.6650885787191443,112848493.17118362,2042282.606956752,85.67844214833303,174979592.19069085,0.4080547044485504,-0.00034770070506951476,0.5342048768038328,0.4089324546596731,1.3063401320113257,-0.48783844713337987,4.808431090830331,-0.05587307850860245,-0.0787562645124827,-0.07263500206118319,-1.6668533313383278,-0.4137233022144422,-1.2531300291238856,0.6934998136992296,0.4080547044485504,-0.2674501391069859,High (>40%),18.54155670864584,18.980179909034412
RUI052,True,0.5058246950730236,194532939.56474116,3399202.726757352,13.458371406609249,45747732.783059336,0.45748918493342544,-0.00011576951186519286,0.6336518540279193,0.3553697584152026,1.78307759459819,-0.9288085837334188,3.552562691793941,-0.06597768900858532,-0.09312078310420331,-0.08577099571116092,-1.3635329158643439,-0.29112758037899944,-1.0724053354853444,0.755656575640585,0.45748918493342544,-0.3169416965258249,High (>40%),19.086112061772464,17.63865279180339
RUI053,True,0.4770443043608879,101485525.0481394,1725985.7829437146,91.15857929218812,157338411.851664,0.48042361626344304,0.00045879876780397985,0.6618181172814052,0.5362235623292441,1.2342205075931472,-0.5963028768406022,5.409921655229166,-0.06833072861190795,-0.09668035201688015,-0.08882994719548033,-1.5316683446519237,-0.4807104334440784,-1.0509579112078453,0.7893904293408455,0.48042361626344304,-0.3304502598728986,High (>40%),18.435426735913133,18.873909533078976
RUI054,True,0.3909853588642773,115283878.38385962,3494880.113977947,51.53297181622607,180101558.4147145,0.4346891928457238,-0.0007032712826398206,0.5373942333262407,0.4329068767094909,1.2413622010603165,-0.7445717614947143,7.672742407350546,-0.05656015153691114,-0.07957995673261084,-0.07352819699798448,-1.245046928171554,-0.10349729049761971,-1.1415496376739342,0.7030209222863483,0.4346891928457238,-0.26940038794576016,Medium (20-40%),18.562908152252874,19.00903146316102
RUI055,True,0.5463311169447168,21887788.84682363,862767.1001877836,67.34813291274523,58105753.336190626,0.5195778819659529,0.0003699392805645227,0.7276563220270812,0.4839062217831885,1.5037135074347185,-0.6471580588538103,5.876117230343248,-0.07526282624830499,-0.10643269325414215,-0.0978416741227965,-1.5971495301496645,-0.20865508149641288,-1.3884944486532516,0.8645252923271981,0.5195778819659529,-0.3634582217329761,High (>40%),16.901439452374312,17.877775241638805
RUI056,True,0.5898735044521017,225326752.43938324,5773293.340150001,69.34185299852044,400330858.11001843,0.35323394969058447,0.00045855753366993263,0.4914651238063969,0.3162292270540036,1.5541420013099159,-0.8667618037189605,2.8882111801969934,-0.0506244405098524,-0.07167682758233435,-0.06581177266280813,-1.310450064679383,-0.36181366517568575,-0.9486363995036973,0.5923599288745094,0.35323394969058447,-0.2452740043695285,High (>40%),19.233062139761984,19.807801908451168
RUI057,True,0.6794656949627307,142833586.63196263,1794773.971412964,90.56059666358827,162535801.72743595,0.4172709176171103,-0.0002590342634955394,0.5984566095584914,0.38459002313310253,1.5560897931857478,-0.8572702064677246,4.087504901246273,-0.062462751952428154,-0.08809822348483676,-0.0812015775381566,-1.495510469410321,-0.40626549349641766,-1.0892449759139033,0.7109627586335994,0.4172709176171103,-0.2994873390427413,High (>40%),18.777190780718396,18.906408853790232
RUI058,True,0.6111758128905853,240542678.1971263,6302821.664008659,67.30027139504867,424181608.542375,0.37187119918850103,-0.0012609274495042975,0.5773355827293839,0.3505760376937386,1.6468198640368608,-0.7582020854696947,5.096463841246262,-0.06126932075034563,-0.0860000525349348,-0.07965011697544933,-1.1706536654164916,-0.22554092563046257,-0.945112739786029,0.6259904035191403,0.37187119918850103,-0.28992871881419624,High (>40%),19.298408087887722,19.865672243526436
RUI059,True,0.6234908771639562,10670523.63421143,1249913.497269668,65.25402262840555,81561883.63438442,0.3533475855639116,-0.0005039109935472163,0.5437195454926208,0.336331947549299,1.616615814984163,-1.0046451493453163,5.785211075823069,-0.05701824564970433,-0.08030900175042363,-0.07412371934461563,-1.5298804378862354,-0.4307921825281855,-1.0990882553580499,0.5961140771659702,0.3533475855639116,-0.27236368373985764,High (>40%),16.182995697445048,18.216872598479668
RUI060,True,0.6520012119765454,575471212.8854177,3326978.33277197,15.998683650462096,53227273.85796056,0.36691424518136906,0.0004484972732805546,0.5278657951113768,0.3456766305431077,1.5270508575659965,-0.6729165824735386,4.378555395979208,-0.05441799492065821,-0.07702964018846327,-0.07074339339685567,-1.446157126581794,-0.3115954450305337,-1.1345616815512605,0.6221399275369671,0.36691424518136906,-0.2634844002824078,High (>40%),20.170699763824583,17.790081489446315
RUI061,True,0.6020678667970563,96816529.54930337,3730482.981287953,56.656721975068365,211356937.1035557,0.425953495068405,-0.00021143403114944108,0.5684342466298542,0.3892812047487305,1.4602149800598816,-0.8841434762286111,4.1765466809135745,-0.05929462040980817,-0.08364405479616449,-0.07708300653275063,-1.5729721211228713,-0.1462037552447004,-1.426768365878171,0.7158661162417831,0.425953495068405,-0.2844285573460765,High (>40%),18.388328297475862,19.16905890726101
RUI062,True,0.5459156366851583,262706041.8369629,10404877.595144281,23.51521007353375,244672882.43922243,0.4845389212805337,-0.0006996511161474554,0.5916038208152823,0.43801435350673246,1.350649393287951,-0.7960656402667108,8.803715381739863,-0.062191088366438156,-0.08753301402110342,-0.08084841487636961,-1.4586517167288873,-0.43087169520761054,-1.0277800215212767,0.8061635940336813,0.4845389212805337,-0.2965015615237886,High (>40%),19.386546253390012,19.31543270265292
RUI063,True,0.6095505590483015,47113741.04166766,1096953.8302216053,76.3690391849337,83773310.04425688,0.4732419624721985,-0.00045238746061410876,0.6316731742099627,0.4267551490675342,1.4801770420115075,-0.9959029986033608,5.908632496797545,-0.06610864252180605,-0.09316697794096394,-0.08594123527834788,-1.462636702110521,-0.2666199874416299,-1.1960167146688911,0.7964024145453109,0.4732419624721985,-0.31628897456559546,High (>40%),17.668075258299574,18.2436250188298
RUI064,True,0.6471664359367038,176745097.25438175,10246437.81884111,56.0999728731407,574824883.6833093,0.36163880624478034,0.0002203100132522765,0.5109863322494307,0.31829462444385975,1.6053878796798768,-1.2829258242837889,5.416059274299432,-0.052891726927230556,-0.07478032396936894,-0.06875924500539972,-1.663583319204759,-0.28207449714701693,-1.381508822057742,0.6126703585673221,0.36163880624478034,-0.25527285611146305,High (>40%),18.990219124050057,20.169576002260836
RUI065,True,0.6558207861099226,46607291.15735559,2460544.044573581,71.2205001287518,175241177.44335216,0.5323610888926165,7.336678410068963e-05,0.6941330883373711,0.5200815137706999,1.3346621057625387,-0.8499205188326167,3.8549170782913267,-0.0720749861221173,-0.10180885277437686,-0.0936974819587525,-1.7080757531244988,-0.345764680021387,-1.3623110731031118,0.9032816736824917,0.5323610888926165,-0.34699317738458485,High (>40%),17.657267549461075,18.981673739920453
RUI066,True,0.48186254560334896,65724664.99153358,1723914.2265984206,13.750561054214584,23704787.825070698,0.5016273628763416,-0.00031946604958484715,0.6705723260042065,0.47989682003284984,1.3973260459577634,-0.25621744107448274,3.2433683798535156,-0.07001890789809152,-0.09874352635687005,-0.09102458026751899,-1.3151270131038837,-0.3719409467362603,-0.9431860663676234,0.824955675720479,0.5016273628763416,-0.33560562905168806,High (>40%),18.000984831443358,16.981187603637956
RUI067,True,0.6008400917318499,500553519.511399,8063622.993927993,17.63128144412229,142172006.46524045,0.40821636877627643,-0.00038341220590734377,0.5785535791452002,0.2815686885455787,2.0547511235488365,-0.6303599458484574,5.450681731072859,-0.06051840433444224,-0.0853013101813536,-0.07867392563477492,-1.4867418182813417,-0.13794845981221224,-1.3487933584691294,0.6859063813030088,0.40821636877627643,-0.28966020177850743,High (>40%),20.031225083093428,18.772548195653183
RUI068,True,0.5634808059032923,92939014.63380156,3991425.165084308,74.4691049256414,297237859.4215089,0.419256120304843,-0.00039587907452191096,0.5748794126194642,0.4010659134083949,1.433378887110956,-0.7581223714297567,6.15163110228349,-0.06014897748902862,-0.0847744968356132,-0.07819367073573721,-1.5083615345321577,-0.4023314565457034,-1.1060300779864543,0.6997570134220427,0.419256120304843,-0.287835585384254,High (>40%),18.347454079389323,19.51004324971203
RUI069,True,0.6571498887199629,128822532.55662939,3814779.7189509547,16.487590239880603,62896524.86147023,0.38317634615658247,-0.0006612050922492513,0.5354145178808478,0.3501451180287177,1.529121756416821,-0.8753403436155773,4.657538840686235,-0.05631231326763838,-0.07924731542476844,-0.0732060072479299,-1.622404705964203,-0.6032358129134356,-1.0191688930507674,0.6503058072059498,0.38317634615658247,-0.26836846403267317,High (>40%),18.67394629854378,17.95700147151913
RUI070,True,0.48839206436678595,217140286.5778745,6576633.277351767,16.413105498873275,107942975.80857526,0.39956918411514675,0.000607687844734721,0.5609094417521966,0.3643777002850089,1.53936270335277,-0.7297269873173736,5.914572098854259,-0.0576933685836517,-0.0817204706268655,-0.07500137915874722,-1.502380441097882,-0.20159837412870213,-1.3007820669691799,0.6578977017789247,0.39956918411514675,-0.2798470330313636,High (>40%),19.196054184551002,18.49711364387402
RUI071,True,0.6438086332656452,160940535.56025663,2648790.066754112,11.08976277113987,29374453.470854845,0.482022459135322,-0.00036116023460567,0.681286229278454,0.42695152358791993,1.5956992577358966,-0.7097657674345281,5.971364231251554,-0.07117420765446611,-0.10035776659113589,-0.09252646995080595,-1.4910828287939,-0.5089572291183042,-0.9821255996755958,0.81613275488876,0.482022459135322,-0.34100427487383267,High (>40%),18.896545510378083,17.195635925008023
RUI072,True,0.6784198171341544,122098069.00791176,3870539.6197562395,96.0851258469532,371901286.4598967,0.5191464201457867,0.0004085792604127483,0.6735558058607961,0.5065598862240531,1.3296666873517105,-1.0410021248408916,6.307453949703946,-0.06960096617081955,-0.09845338489399409,-0.09048125602206543,-1.4158777831664981,-0.23190179169856784,-1.1839759914679302,0.8843793960450267,0.5191464201457867,-0.3363693236699853,High (>40%),18.62033512411486,19.734139018044726
RUI073,True,0.5535651189156726,144960058.23247862,1944172.5846214718,76.37575235131062,148487643.85125703,0.5041534456271054,0.0005606580259612257,0.7240302156133499,0.49076461364196566,1.475310557214628,-0.540195299956955,2.8766538174591227,-0.07469520916797943,-0.10570974837517923,-0.09710377191837327,-1.747513379699154,-0.11047753660661791,-1.637035843092536,0.8399546970647525,0.5041534456271054,-0.3614544497807137,High (>40%),18.79196880197298,18.816012306356342
RUI074,True,0.5726686717579055,740423196.7451633,9919860.886933988,41.79262676518577,414577043.6101969,0.31597894093721873,0.0002991554490739802,0.4581064173115966,0.25981360370291234,1.7632118210231404,-0.6049437208968337,4.125098175077149,-0.047316530966289766,-0.06693996536777301,-0.0615114902561767,-1.1971113135687703,-0.22007125259177995,-0.9770400609769904,0.5282537835288241,0.31597894093721873,-0.22875405320672434,High (>40%),20.42273246819062,19.842769386462397
RUI075,True,0.5968185531294318,103378230.62932448,2048077.6144818028,36.68820231588897,75140285.87875164,0.37832100448272854,-0.0004158101563590242,0.5435804217499844,0.3537119662784452,1.5367883294117144,-0.6478278217973615,5.570652151053805,-0.056915684258697266,-0.08020048085844879,-0.07399038953630645,-1.2702922951228863,-0.15865201534276266,-1.1116402797801237,0.6352182050782493,0.37832100448272854,-0.2722060210313512,High (>40%),18.45390496237313,18.1348674027176
RUI076,True,0.5974938453251191,127150150.99574593,2522561.9163965355,41.47329067712646,104618943.60976268,0.4374545137890403,1.8650451683047077e-06,0.6316513415548637,0.3685072707035961,1.7140810827119988,-0.7013831087696493,4.748775360853666,-0.06565212072482943,-0.09270952092094972,-0.08534775694227825,-1.8174912763436641,-0.01649140302557678,-1.8009998733180874,0.7345946845631537,0.4374545137890403,-0.31582380573226354,High (>40%),18.660879237371972,18.465835198453377
RUI077,True,0.4761684455010534,250889589.23827878,10164214.25627644,79.71881780630636,810279144.4403633,0.30897233120152195,-0.0002120978031954581,0.4412104292045366,0.2378501163327463,1.8549935396596333,-0.6592765705508329,5.97837615431861,-0.046071611327324055,-0.06497128962817707,-0.059893094725521276,-1.1295323196809108,-0.1502196197088687,-0.9793126999720421,0.5075953591976026,0.30897233120152195,-0.22081731240546376,High (>40%),19.34052351680609,20.512889369027853
RUI078,True,0.5513256698989715,262148251.30373582,9706734.816640534,69.5233549963373,674844770.5126069,0.4151612550625526,-0.0006518509303650641,0.5955701702616454,0.3590619054747568,1.658683812403251,-0.5787228314857835,5.414877400951148,-0.06255555145467864,-0.08806737954954728,-0.08132221689108224,-1.2010139666301782,-0.26067912508597896,-0.9403348415441992,0.6914085997128667,0.4151612550625526,-0.29843693606118776,High (>40%),19.384420746366388,20.329993252778785
RUI079,True,0.6463163757874937,279810807.27460164,7931610.10362695,26.667601108072112,211517014.388278,0.3999422203182828,-3.782035913919851e-05,0.5782919247819764,0.3864274222002266,1.4965085073137891,-0.6852473966700597,2.4694410027066267,-0.060145616072959825,-0.08491731370047378,-0.07818930089484777,-1.4842537096627468,-0.08417104762895156,-1.4000826620337952,0.677460092385579,0.3999422203182828,-0.2891837827501274,High (>40%),19.449624244448305,19.169815999495253
RUI080,True,0.597915627334098,180453588.92819583,2603734.0080992393,25.66984018006759,66837435.85931429,0.40078224828645787,-0.0007895198955799013,0.550773782668643,0.3913994184133946,1.407191111579317,-0.8635889784353329,6.8895114486149875,-0.05803707358683428,-0.0816300048050482,-0.07544819566288456,-1.6679758286466728,-0.05636679373983189,-1.611609034906841,0.6730635632522571,0.40078224828645787,-0.2761764112299014,High (>40%),19.01098417762335,18.017773898587485
RUI081,True,0.6651387851524404,43383774.50411492,1631770.8962796666,18.85560847420576,30768033.13985321,0.36369464580134514,0.0003938396942307819,0.54489694746534,0.34094831255962343,1.5981805082846714,-0.9444462292450645,3.958666715082487,-0.05624287439386451,-0.0795840656544129,-0.07311573671202386,-1.3691393318819973,-0.06771198954157504,-1.3014273423404223,0.6181141931644438,0.36369464580134514,-0.2720546340384392,High (>40%),17.58559606981561,17.24198682389843
RUI082,True,0.626172654727188,399908058.8755311,13291283.347453559,69.42724477312044,922777182.3125578,0.40034897472626174,-0.00043230864864919654,0.517386511096268,0.3832992199535729,1.34982406475791,-0.7074339119430688,3.4913209031669563,-0.05420958165100968,-0.07637233658531584,-0.07047245614631259,-1.4090134244178112,-0.39905605822483803,-1.0099573661929733,0.6757297361858879,0.40034897472626174,-0.2591255641967832,High (>40%),19.806745225840878,20.642898357378797
RUI083,True,0.5518348262447663,43267991.16695699,2048535.4345016556,78.79353959995623,161411357.88031974,0.4137919482492303,-9.942017206358036e-05,0.5805716884203453,0.39203265466287457,1.4809268603392323,-0.45119607936717854,6.799031841434695,-0.06044417504297868,-0.08531352856553763,-0.07857742755587228,-1.3484665070395563,-0.5134697190237139,-0.8349967880158424,0.6891913647329247,0.4137919482492303,-0.2903852643822363,High (>40%),17.58292368558505,18.899466682329898
RUI084,True,0.533518988496275,137909519.48663774,12200076.726410234,33.85417854925036,413023575.81044596,0.36333569260283216,-5.835606422692892e-05,0.5106483497193938,0.30991889046111376,1.6476838470853585,-0.9764101257622901,5.806459400411452,-0.05313526302277554,-0.07500938225417739,-0.06907584192960821,-1.051315786418408,-0.38968262521448804,-0.6616331612039199,0.6031574862648652,0.36333569260283216,-0.2553825309239238,High (>40%),18.742108372191225,19.839015233582856
RUI085,True,0.484932268099792,59208716.07328758,2804201.86716842,11.885046492782154,33328069.566443197,0.297620256852403,-0.00032945248685203865,0.4337429886780814,0.2811489523070073,1.5427515739217317,-1.0328910760244436,7.175739437951542,-0.04541279852457056,-0.06399260174011516,-0.05903663808194173,-1.3679609722264134,-0.19144021125098215,-1.1765207609754313,0.48972808513496807,0.297620256852403,-0.21720094682589275,High (>40%),17.896579319984514,17.32191052980798
RUI086,True,0.48602556945944875,102840450.6832646,3531598.49306293,17.39545007287846,61433745.26352901,0.4333154448486083,9.334690073763735e-05,0.5916397982975176,0.42108119127922483,1.405049217468355,-0.7043830369577855,5.116442022484377,-0.0614018298573342,-0.08674529664247899,-0.07982237881453447,-1.5400726989248779,-0.2733312720920739,-1.2667414268328039,0.7131538830243482,0.4333154448486083,-0.29572655224802114,High (>40%),18.448689322725606,17.933469839270064
RUI087,True,0.5967039503110173,140822378.63711593,3319320.7622332484,97.10740313605274,322330619.3960539,0.5121461233979206,-0.00043745182831126224,0.6347356834774519,0.4912664386131013,1.2920395809438558,-0.7583853063989874,4.107952712139089,-0.0664120248073806,-0.09360154579269404,-0.0863356322495948,-1.487566484859033,-0.3503129378387306,-1.1372535470203025,0.8598990695872849,0.5121461233979206,-0.31780529356703724,High (>40%),18.763009928242784,19.591088345053375
RUI088,True,0.6065119430750875,139990591.16630885,4126932.369344539,36.59002997296783,151004579.0907278,0.5106672432273793,0.0002356486487286221,0.677967894159254,0.5026059239179971,1.3489054981171853,-0.7546321081534134,4.907739335183982,-0.07023249025536782,-0.09927390507644998,-0.09130223733197816,-1.5856511518391312,-0.2372301787942772,-1.348420973044854,0.8589185994274599,0.5106672432273793,-0.3387482984308984,High (>40%),18.75708577236022,18.83282071942356
RUI089,True,0.5791646120627703,151718380.94432455,3753915.735441629,79.23008330543203,297423056.44061244,0.39978261592336617,-0.0008729898401233743,0.5635800108039362,0.3836676621813467,1.4689275807079905,-0.7133044434559039,3.314173721834643,-0.05945162583018555,-0.08359312429881725,-0.07728711357924122,-1.3644110596122228,-0.5364536846635442,-0.8279573749486786,0.669135906983258,0.39978261592336617,-0.28266299524209143,High (>40%),18.837536603388227,19.5106661156854
RUI090,True,0.6341563932393872,393648530.764018,10228195.74050301,66.21972119688374,677308270.2832631,0.3510751972215288,-0.0001368102102267941,0.5062989509341432,0.3250401917895182,1.5576502959424792,-0.7991232197287522,3.011536750188191,-0.0527616396583375,-0.07444944815816495,-0.06859013155583875,-1.532877083758825,-0.3056558838441462,-1.2272211999146787,0.5934037700800366,0.3510751972215288,-0.2532862856772984,High (>40%),19.79096901524692,20.333637074775375
RUI091,True,0.5175955547419318,155604399.1079919,6636336.442179654,44.37456756876063,294484559.8625296,0.44561919655694454,0.0007694644995291424,0.5765874639806847,0.43991487723633216,1.3106796196640764,-0.43360943642568534,3.765423342111017,-0.05916116916644708,-0.08385985455606154,-0.0769095199163812,-1.4613653885499869,-0.13575046422120482,-1.325614924328782,0.7376239494090805,0.44561919655694454,-0.2875242674908132,High (>40%),18.862827441211184,19.500737131370908
RUI092,True,0.5713767925637055,89046983.39930947,1986397.1734711456,28.51185359759996,56635865.39669567,0.3867456873589166,-0.0007001656623027874,0.5885579125944531,0.3494714614365878,1.684137268820298,-1.1006350225747055,8.037167431350106,-0.061875010511325435,-0.08708646172183174,-0.08043751366472307,-1.6504944492982359,-0.23187801182900686,-1.418616437469229,0.64641178415267,0.3867456873589166,-0.29497912195952936,High (>40%),18.30467469176748,17.852153006745564
RUI093,True,0.6046222872464659,234102528.80154902,2701096.5264242794,20.92477763434658,56519844.184333995,0.432166337978268,-0.0005388724852624258,0.5801624102126567,0.36596311292512906,1.5853029710438324,-0.9627871016170296,3.8839122445560377,-0.06084108688510464,-0.08569290857716083,-0.07909341295063603,-1.498936144222231,-0.2171529841742339,-1.2817831600479972,0.7266387268892068,0.432166337978268,-0.29062007759159075,High (>40%),19.271269734630685,17.85010235895327
RUI094,True,0.49158696737127944,280357572.52559304,2338139.6588640045,65.35116712349799,152800155.60450014,0.4469091412129108,5.6953924829457504e-05,0.6386575566544525,0.40492406621281396,1.57722795443528,-0.7523229617421495,2.737370955531286,-0.06632525945459226,-0.09368277769580849,-0.08622283729096995,-1.3669202291623617,-0.058711474981378686,-1.308208754180983,0.7362721246451736,0.4469091412129108,-0.31927182440239676,High (>40%),19.451576391139714,18.844641453050233
RUI095,True,0.656456465939141,40544623.8061634,2366131.539292694,79.71704025740092,188621003.1721017,0.5015127989271098,-0.00011020910903020103,0.7008432055836809,0.43439638565838656,1.6133725526317584,-1.1394340326701637,4.420101486140806,-0.07295601314567689,-0.10297731420320401,-0.09484281708937996,-1.8967024014733136,-0.34121278591887827,-1.5554896155544353,0.8510355942727459,0.5015127989271098,-0.3505318119008706,High (>40%),17.517913747890407,19.055250285548013
RUI096,True,0.530591996356736,174584610.47573355,2538519.8574927845,67.95138281870176,172495934.62936842,0.4174278365278888,-2.4684950363220408e-05,0.5597289630758909,0.3603833365615608,1.5531488453830824,-0.7845251619786191,3.867785261057616,-0.05820304215353281,-0.0821795772433239,-0.07566395479959265,-1.3767302678170334,-0.4040821484738977,-0.9726481193431358,0.6925869155272949,0.4174278365278888,-0.2798891664883087,High (>40%),18.977920055879885,18.965884226791992
RUI097,True,0.5517114931326077,189696919.09659636,1578744.7468985633,57.727191992424245,91136501.11124459,0.4120905838117808,4.459356507383177e-05,0.6302289857966609,0.370599149705748,1.7005678137606532,-0.4351390667069678,6.9392075787613905,-0.0654615522201642,-0.09245802442256533,-0.08510001788621346,-1.4473164201987874,-0.13191504222676528,-1.3154013779720222,0.6863424091078769,0.4120905838117808,-0.3150698993332566,High (>40%),19.06093819384872,18.32786895279805
RUI098,True,0.5961609262042887,85322537.9446741,3483269.1652599433,13.775610108847264,47984157.924790844,0.39346873897419377,0.00011736073428088493,0.5251873883597483,0.33213787660935656,1.5812330521322826,-0.789468568929716,7.8003690893007,-0.054470737245652386,-0.07696765035253399,-0.0708119584193481,-1.58963989031431,-0.14356409058576872,-1.4460757997285414,0.6605743148190772,0.39346873897419377,-0.2624763334455933,High (>40%),18.261949197312006,17.686381471162385
RUI099,True,0.5852512953235264,325399901.69670206,22272472.002531435,97.16398998349455,2164082246.561627,0.3147081558215903,0.00035484992097811166,0.44801413393548145,0.27217636328163375,1.6460435011099772,-0.5464854665180264,4.0468622361036175,-0.04621184223826452,-0.06540296385540693,-0.06007539490974388,-0.8702664903665761,-0.23330650785133578,-0.6369599825152403,0.5273172404854246,0.3147081558215903,-0.2236522170467626,High (>40%),19.600565450649295,21.495262203937443
CTL000,False,0.10680371837626279,47676803.14661282,2016675.391881949,81.88427724891172,165134006.9099192,0.42842159088339066,4.909328464256272e-06,0.5795673351520931,0.3469879597793197,1.6702808233481394,-0.7901734692517608,5.1146848581681486,-0.06023545283266958,-0.08506178390513687,-0.07830608868247045,-1.001690886163765,-0.2454163937626198,-0.7562744924011452,0.656359492006792,0.42842159088339066,-0.2897787582475823,Low (<20%),17.67995553037398,18.922267865329292
CTL001,False,0.16898012411606816,59439001.67812513,3511469.224432693,36.35398330308683,127655893.55432937,0.45739114542633974,-0.0003206288273092712,0.5698298000442061,0.4358509956527289,1.307395889255297,-0.6959646503243615,5.268388188750131,-0.059548869348941234,-0.0839580836245229,-0.07741353015362361,-1.3549111123446416,-0.2335890771720159,-1.1213220351726256,0.7092737218966296,0.45739114542633974,-0.28523552884941233,Low (<20%),17.900461162777233,18.664848870224287
CTL002,False,0.07897119775791235,46806963.407253385,2084132.3948698307,98.19732964229655,204656235.79722172,0.4846291048777518,0.00013628685060136563,0.6522660730059263,0.45806467796199357,1.4239606422131637,-0.5956109694189063,4.58800411440728,-0.06766039884940646,-0.09560085113789456,-0.0879585185042284,-0.9964351763421371,-0.4073101823712455,-0.5891249939708916,0.73842517958079,0.4846291048777518,-0.3259967496523618,Low (<20%),17.661542540572906,19.136842230984385
CTL003,False,0.09296351812388053,54432025.25032746,2084534.4891063513,64.16934306726898,133763208.76701973,0.39939904790290504,0.0007499409674476079,0.5080133317710273,0.3521275310319976,1.4426969975399748,-0.597662659646255,4.307841307579645,-0.05205308161928935,-0.07381432729139911,-0.06766900610507616,-0.9542787620457269,-0.0516507240936957,-0.9026280379520313,0.6102374340428723,0.39939904790290504,-0.253256724918066,Low (<20%),17.812463238065174,18.71158169600082
CTL004,False,0.11023395220767121,22364376.822153572,2033663.09503551,62.418039238652185,126937262.8641253,0.5186811229965836,-0.0002663168731912868,0.6632346757999168,0.5092174183334965,1.3024587375083687,-0.28705693812181327,3.424229983434982,-0.06920308167123562,-0.09761338473952055,-0.08996400617260632,-1.1331496725483732,-0.06039909401216273,-1.0727505785362104,0.7951745655319035,0.5186811229965836,-0.3318836547731497,Low (<20%),16.92297993048384,18.659203529172164
CTL005,False,0.09914636338487791,16987006.630420078,941906.5169134039,77.3265861486579,72834415.42408662,0.43246678908913183,-0.0006872646523353208,0.5633782974908311,0.43599616286192566,1.2921634305053409,-0.4313037636942346,2.6452727924942363,-0.059244934514223656,-0.08337779239669887,-0.07701841486849076,-1.099140558244454,-0.4165816852469932,-0.6825588729974608,0.6615634364605745,0.43246678908913183,-0.2823764133977509,Low (<20%),16.647959293924565,18.103699140802725
CTL006,False,0.0886268503105077,192499487.7365959,5341844.657753617,83.05928092811239,443689776.102694,0.4126818366677634,0.0003535403346434864,0.5191663123682981,0.34116214339399076,1.5217582677944999,-0.7256001261964042,3.4185641841891012,-0.05360872562142411,-0.07584772007604591,-0.06969134330785134,-1.0444618486411024,-0.08758055747618118,-0.9568812911649212,0.6299951624109109,0.4126818366677634,-0.2592296158495056,Low (<20%),19.07560405057998,19.91063617371876
CTL007,False,0.1256188469124049,27300918.96595773,1700325.8401447579,69.08307465983523,117463736.96076737,0.40623827250149325,-0.00026019058197679915,0.5513462074291556,0.35927605011206,1.534603286963292,-0.5026527124354191,4.5327204893904405,-0.05756724223454094,-0.08118469382468858,-0.07483741490490323,-1.4769848078608587,-0.16450852113112974,-1.312476286729729,0.6246667637612373,0.40623827250149325,-0.2759332942965546,Low (<20%),17.122430921345337,18.581640222304546
CTL008,False,0.11571259975541415,24321860.681839615,967150.550828206,21.528617172958,20821413.957395904,0.32502205963574965,-0.0012863347730070183,0.45867022218260917,0.28222530816768077,1.6251916780974716,-0.45628767821590704,2.9308028790312184,-0.048960623196382655,-0.06860820872844049,-0.06364881015529746,-1.1992000954273605,-0.3764386365097023,-0.8227614589176582,0.498815833703118,0.32502205963574965,-0.2306214458643116,Low (<20%),17.006886120434956,16.851492532264675
CTL009,False,0.0945963724567841,9600136.826693127,1269859.6311422721,40.44407553950485,51358298.84648582,0.4917190886177117,0.00022371083857521077,0.5712940230513293,0.4360981499798566,1.3100124893391945,-0.31452195089385016,5.019654663793617,-0.05915672135930195,-0.08362865705297254,-0.07690373776709254,-1.1892589632245134,-0.39981930465222726,-0.7894396585722862,0.7515330855418649,0.4917190886177117,-0.28542330068708943,Low (<20%),16.07728790911703,17.754337094649568
CTL010,False,0.06785084217353043,32243615.152834266,1465697.0483383343,93.52752762934448,137083021.1847122,0.4793202077545042,-0.00046766409297696143,0.6439662981823412,0.4782029173595255,1.3466381630168733,-0.20514835481694615,4.7815159367258735,-0.0674016692882296,-0.09498659264142466,-0.08762217007469848,-0.9098978000728613,-0.15754617802444776,-0.7523516220484134,0.7287369955618367,0.4793202077545042,-0.32245081318414753,Low (<20%),17.2888306018484,18.736097294301146
CTL011,False,0.14201198379599556,18653198.02591206,789430.6945489974,30.215405065946673,23852968.207289577,0.4328632499602422,-0.0002452666411520804,0.511568065710635,0.40114494378516613,1.2752698834579008,-0.7718203883348798,3.8698559907262995,-0.05341776909143629,-0.07533128525276554,-0.06944309981886718,-1.1375218272021186,-0.2880580138452368,-0.8494638133568817,0.6677364055921341,0.4328632499602422,-0.2560292994964696,Low (<20%),16.741528165274,16.987419220690807
CTL012,False,0.09125059980271255,199956845.37583095,6252207.7796403505,43.4950321453762,271939978.3550282,0.4200607523700605,-3.4009834715492736e-05,0.5668882789146773,0.38838475151815777,1.4596048807239903,-0.6826646724577712,4.247199882469692,-0.05895650797336629,-0.08323971932747692,-0.07664346036537618,-1.165343833662761,0.05474220762190804,-1.220086041284669,0.6415903672372948,0.4200607523700605,-0.28347814929205417,Low (<20%),19.113612128109096,19.421091932097152
CTL013,False,0.21159423709787467,120583578.92160071,2252387.2628367487,48.88691946497764,110112274.72224155,0.45696710917336136,-0.00010475016011046681,0.6279286662596852,0.3676550556695544,1.7079288223471698,-0.8471363419146789,3.057649023411222,-0.0653718002034234,-0.09226973597884934,-0.08498334026445042,-1.233674500265519,-0.099429088222239,-1.1342454120432799,0.7144581458133497,0.45696710917336136,-0.3140690832899531,Medium (20-40%),18.607853671474107,18.51701108251086
CTL014,False,0.1757807711258247,30999440.80870394,1584534.7965000619,49.5464490725007,78508072.59839557,0.3658720994901198,0.00015472590856951976,0.4537881102446082,0.36136761228811587,1.2557520231857582,-0.6274388038836843,6.264055180317744,-0.047012114676706,-0.06645057019063773,-0.0611157490797178,-1.0481085260254812,-0.16410218371533083,-0.8840063423101504,0.568102133169719,0.3658720994901198,-0.22673932921373458,Low (<20%),17.24947972385782,18.178712013113767
CTL015,False,0.15216174626139928,325850304.1918002,6379706.77141386,65.1645624245073,415730800.15585035,0.3699334643212055,-0.00041774318528492167,0.46870998503571304,0.30969418687169903,1.513460713519597,-0.44438821855672994,6.22324226037305,-0.04913556686953609,-0.06921321541819718,-0.06387623693039692,-1.1674397475670388,-0.15197049865192072,-1.015469248915118,0.5717871130613014,0.3699334643212055,-0.23477273570314144,Low (<20%),19.60194864427545,19.84554849374627
CTL016,False,0.14461798465466869,117907666.58895512,5993692.487163987,94.87682539702368,568662515.5881102,0.4606502194301013,5.655289908804137e-05,0.5478997577192904,0.43507714782694595,1.2593163314962712,-0.32228747686465475,3.1967253243355405,-0.056892273977682054,-0.0803620935390176,-0.07395995617098668,-1.2184529219254403,-0.029293519875858653,-1.1891594020495817,0.7109608210545656,0.4606502194301013,-0.2738933259605572,Low (<20%),18.585412389593277,20.158797697651938
CTL017,False,0.17020427760640322,41455656.38959858,2358303.488716013,31.662344064925446,74669416.46924043,0.3799614168494851,-0.0003297733387919586,0.4958032280163902,0.3641785258175645,1.3614290598363374,-0.5933915506817229,3.2215121781534974,-0.051863674932001336,-0.07310188892193004,-0.06742277741160174,-1.2399348773312533,-0.10706314176217999,-1.1328717355690734,0.5893434428161792,0.3799614168494851,-0.24823138734698708,Low (<20%),17.540134893193102,18.12858114818612
CTL018,False,0.16253819286375307,7278791.678006544,646801.5369481471,20.935123867082623,13540870.293428877,0.4633819835117872,0.0001694052404437515,0.5895892170010959,0.4761564964254447,1.2382257124017044,-0.6439871818897953,3.431477063433127,-0.06111263362588533,-0.08636826176473612,-0.07944642371365093,-1.0610428930698248,-0.15754267279834727,-0.9035002202714775,0.7176681563293691,0.4633819835117872,-0.2946252032601042,Low (<20%),15.800475428101143,16.421223099116105
CTL019,False,0.12871366398179668,336044469.23122567,9826158.181804322,27.77234408739436,272895446.082235,0.3304803423758387,0.00010768374200652669,0.46000846808985263,0.27083030336401953,1.6985118074898773,-0.5087848015066634,5.672402942498258,-0.04770570226886831,-0.06741061286728947,-0.06201741294952881,-1.0701213610569291,-0.37278190924098586,-0.6973394518159433,0.5084817142861039,0.3304803423758387,-0.22989655030291978,Low (<20%),19.632754058072592,19.42459929840938
CTL020,False,0.1364576561113846,17687027.630161136,2235849.930603909,89.82324101883425,200831287.19857875,0.46629262343805616,-0.0006677193510222977,0.6345514420245458,0.348298897908187,1.8218588856741549,-0.7166969966859154,5.26240960821634,-0.06662314223108677,-0.09380477105438609,-0.0866100849004128,-1.1528520863652467,0.23200051358865584,-1.3848525999539025,0.7185276946939999,0.46629262343805616,-0.3179434403632952,Low (<20%),16.688342026589122,19.11797574638623
CTL021,False,0.18466304205676837,14413574.619847177,1304247.4426031918,68.12297313896855,88849213.49902566,0.44421844372340824,0.0003429910580875162,0.6191352137290542,0.4219831166181456,1.4672037561382165,-0.1662125163604662,6.768608880584169,-0.0640100655060157,-0.09053132518091887,-0.08321308515782042,-1.1771365615061624,-0.4024100220075887,-0.7747265394985737,0.6909368843318187,0.44421844372340824,-0.3092246158064396,Low (<20%),16.483681002434487,18.30245126051704
CTL022,False,0.12654304492359536,121820151.32917385,3569846.3824875355,35.73161103152441,127556362.38133913,0.34984351200889247,-0.000467981722557024,0.4451621787860712,0.38257038050606557,1.1636085841178008,-0.8730152330087471,7.068866521636247,-0.046738241007399144,-0.06580719634903104,-0.060759713309618886,-1.24726617747543,-0.27219001954974376,-0.9750761579256861,0.5380463469902497,0.34984351200889247,-0.22304907111559263,Low (<20%),18.618056345607712,18.664068882776807
CTL023,False,0.08639703356110626,378528499.9388463,3638878.3418998625,83.43522450717555,303610631.41071373,0.4500989380210606,0.00020402889914057255,0.5629620594030622,0.46217047070135747,1.2180831426740668,-0.47819133514167933,2.8664003018307715,-0.05831037708013804,-0.08242540499887104,-0.07580349020417945,-1.1422979127559127,-0.4654886481737209,-0.6768092645821919,0.6868145709477981,0.4500989380210606,-0.28127700080239054,Low (<20%),19.75180192507142,19.53125662069449
CTL024,False,0.1629714368091228,162699948.36214387,2480367.088578643,87.52329967270924,217089911.9919939,0.3862807582246741,-1.6356343299329696e-05,0.45500111983966196,0.36836735966740547,1.2351830527288767,-0.1567014744266455,5.597678332587924,-0.047309277424971,-0.06679969338590236,-0.061502060652462304,-1.2737028676260342,-0.15177456354643526,-1.1219283040795989,0.5983069563908889,0.3862807582246741,-0.2275169162631303,Low (<20%),18.907418254808416,19.195822166666144
CTL025,False,0.13998435620448113,84404164.10126965,2446299.495925921,86.18629048212502,210837478.96214744,0.39321663842514165,0.0007190918383975613,0.4871501770098598,0.3546071902487887,1.3737741095099634,-0.549147045971779,6.956355598460256,-0.04991540964232037,-0.07078296176770717,-0.06489003253501649,-1.2045791357881364,-0.20533030564817512,-0.9992488301399612,0.6063382110313625,0.39321663842514165,-0.24285599666653235,Low (<20%),18.25112729604189,19.166598152766092
CTL026,False,0.06547660844292302,86512846.32753083,2132379.367886834,92.7033880275599,197678791.96317604,0.44377695060113254,-0.0003117329911859261,0.5912694368749962,0.44383748271690754,1.3321755369906987,-0.5524770466076724,4.157477711431909,-0.06176841429778905,-0.08709601629081337,-0.08029893858712576,-0.912574692938345,-0.09830385593387062,-0.8142708370044744,0.6743825287908503,0.44377695060113254,-0.29594645142868403,Low (<20%),18.27580347333223,19.102154008553395
CTL027,False,0.10821364820507573,106401735.62717433,2982214.8544080793,32.701691815602544,97523471.09676501,0.49080824348430657,-0.00037465839805909875,0.6714651002203789,0.43381503587280484,1.5478142634439562,-0.6165829914105112,4.628390770304167,-0.07016689540400205,-0.09892975671554216,-0.09121696402520267,-1.3174181306766588,-0.48250257430668025,-0.8349155563699786,0.7521460104054284,0.49080824348430657,-0.33610720850824854,Low (<20%),18.482732447024247,18.39560363619504
CTL028,False,0.09802061661235734,98655335.27403453,3219168.617868185,77.95377358716505,250946341.57620353,0.38008674160847267,-0.00020970980294386632,0.4540733630429115,0.37243251911036485,1.2192097621538618,-0.5618967034119802,4.39196027904441,-0.0474061996297053,-0.06685687422497667,-0.06162805951861689,-1.2312529327253259,-0.05266827321533174,-1.178584659509994,0.5813070134463023,0.38008674160847267,-0.2272463913243996,Low (<20%),18.407142871829414,19.340749695661298
CTL029,False,0.1799773192397794,67319004.47170304,3242454.835334505,51.4485547546726,166819615.1352602,0.44013774845783077,-0.0003515898914171377,0.5525279340277376,0.4278956462327446,1.2912679502403768,-0.3000018412919484,4.457682956538321,-0.05778147047852663,-0.08144954247806266,-0.07511591162208463,-1.3802046286648686,-0.3571107740683981,-1.0230938545964705,0.6839710663058479,0.44013774845783077,-0.27661555690528594,Low (<20%),18.0249531391755,18.93242363770914
CTL030,False,0.10504859350997892,58431219.3668256,2206217.671243177,85.77986976010554,189249064.50168306,0.45917672573282,0.00019997095097102504,0.583393419570529,0.46487272886584596,1.2549529867967069,-0.9774066723631153,6.255831348602044,-0.06043807530491112,-0.08542830042854739,-0.07856949789638445,-1.361632403437863,-0.2433604986065756,-1.1182719048312875,0.703235849362455,0.45917672573282,-0.2914967388342935,Low (<20%),17.8833608831615,19.05857450708168
CTL031,False,0.08443005893785313,51132225.769259624,2690477.1793776583,75.5641609445452,203303650.60011935,0.47305224387051004,-0.001008155304218294,0.6061606955090204,0.5296565310761813,1.1444410857681568,-0.2167393868079034,8.665539573638437,-0.06401263745938601,-0.08997812101424303,-0.08321642869720182,-1.1538676712468825,-0.07715032148541096,-1.0767173497614715,0.7215603144549663,0.47305224387051004,-0.3040885030587285,Low (<20%),17.749925497680383,19.130211235152156
CTL032,False,0.16799282154568076,29409500.574692834,1563374.5408774673,79.88027018497522,124882780.72560367,0.4519647404590884,-0.000726841209573177,0.5593852760857949,0.4360991978051265,1.282701914842227,-0.8572464332665677,7.618504686383199,-0.058869475507917525,-0.08283128843087155,-0.07653031816029278,-1.2828446710649013,-0.19440856168935125,-1.0884361093755501,0.7007251602852977,0.4519647404590884,-0.2804194792524706,Low (<20%),17.19682832890666,18.642886101104864
CTL033,False,0.08971151362932818,42946252.00775438,707551.4914990303,69.05456539129644,48859660.73742911,0.4247195003889317,-0.0007339014607895965,0.5589915309765641,0.3855232711893803,1.4499553535432912,-0.5936707139912958,3.9267542179385777,-0.05883560980188859,-0.08278055626973545,-0.07648629274245516,-0.8863887660985641,-0.16815091922583608,-0.718237846872728,0.6485099193577325,0.4247195003889317,-0.28022966694907164,Low (<20%),17.575459938506583,17.70446268020507
CTL034,False,0.06492236881770988,13875490.22693608,603038.329101508,25.968589252273617,15660054.671814462,0.4063846769784558,0.00027515379598678786,0.5092576175386065,0.38335054269924185,1.3284384937942952,-0.6168627986435429,5.120496212741335,-0.05265720013971456,-0.07447174600412482,-0.06845436018162893,-1.1818063932324367,-0.0931076507777321,-1.0886987424547045,0.6174920522318821,0.4063846769784558,-0.25435365497331647,Low (<20%),16.445634548643692,16.566623739696727
CTL035,False,0.1352039149130671,49690697.4033334,1929509.158868239,59.05242270072445,113942190.45440653,0.4449634977253777,0.0006553066862909627,0.5721622704245346,0.3655869282450432,1.5650512264514815,-0.4393610022039578,3.580625870488351,-0.05881537134332138,-0.08332449925855556,-0.0764599827463178,-0.9773255240822115,-0.1627221869918048,-0.8146033370904067,0.6854934886538313,0.4449634977253777,-0.28542582852597637,Low (<20%),17.721328298564202,18.551201776462296
CTL036,False,0.12666215456585223,24376426.940398343,738703.500750678,98.62027655720574,72851143.53780791,0.39141763247888484,-0.0002522246092687358,0.5275018322897111,0.34720549228529324,1.5192784792017957,-0.8762231958288655,3.6904985556058594,-0.0550808864237839,-0.07767694098976592,-0.07160515235091908,-1.025763679934835,-0.27649861629547806,-0.749265063639357,0.6019997889177794,0.39141763247888484,-0.2640031407541243,Low (<20%),17.009127114279266,18.103928787638196
CTL037,False,0.1197388767791721,22233896.377610292,1727635.8966081175,94.36492598474071,163028233.51200616,0.29716292959517754,-0.0002844108615950053,0.40013724186821525,0.2664341436686503,1.5018241894921855,-0.45236817341926056,4.558462409897327,-0.041874767843968555,-0.059015036176098275,-0.05443719819715912,-1.185375906791367,-0.24891814459111877,-0.9364577622002481,0.4564189810158067,0.29716292959517754,-0.20035303179570263,Low (<20%),16.917128546227385,18.909433955501715
CTL038,False,0.13220244643018958,62078813.48148552,5094884.800879769,13.885636221731051,70745716.93664311,0.4618092130315823,-0.00016497391844340933,0.579574719747517,0.4190300270490597,1.383134100983319,-0.15470112589362645,3.660289527140492,-0.06040610363612463,-0.08523275103492658,-0.07852793472696201,-0.8582819694063313,-0.19465868748826454,-0.6636232819180667,0.7110295118714062,0.4618092130315823,-0.28995233379220187,Low (<20%),17.943915320922784,18.074602554657144
CTL039,False,0.1516225474097847,163709132.5431428,7799459.76779591,24.833333415649342,193686584.87561885,0.46861150258303874,0.0003809391513040953,0.5963021603182396,0.44520289719260486,1.339394159558368,-0.8305459615216206,3.827171162153629,-0.06159884458790636,-0.08714202818952038,-0.08007849796427827,-1.12990816271979,-0.36465792351390713,-0.7652502392058829,0.7242328748047083,0.46861150258303874,-0.2977701410078157,Low (<20%),18.91360182907568,19.081751868754356
CTL040,False,0.1308649195608803,112072135.040539,3036127.8891735002,21.85558961091057,66356365.15201619,0.3151840218628512,-0.000663676567095287,0.42136409885687703,0.2708262752114162,1.555846450009128,-0.5213587083970417,5.077028623852027,-0.04446035794869333,-0.06250989936656405,-0.05779846533330133,-0.947603381826386,-0.07677168500387563,-0.8708316968225104,0.4851499922946638,0.3151840218628512,-0.2113457259955338,Low (<20%),18.534653284801852,18.01055024710303
CTL041,False,0.0953357212629351,15303613.226883743,2155526.9675099314,75.3381918986766,162393504.32103565,0.39369457309320693,-8.081550863260745e-05,0.49742998243790276,0.40478069282039264,1.2288876205333736,-0.66505622479433,5.568707142587938,-0.05178380233069365,-0.07309169993008852,-0.06731894302990175,-0.9290132207763999,-0.17576905463146442,-0.7532441661449355,0.6018018064647537,0.39369457309320693,-0.248795806727584,Low (<20%),16.54359951710146,18.90553298686873
CTL042,False,0.07758610520100727,24356212.069422092,1456191.7980242034,83.60067968712505,121738624.06964013,0.4748555063768809,0.00028759881489121486,0.5932658530862874,0.44879135984955254,1.3219190611984304,-0.44236477981304356,5.5140901720403335,-0.06137659045204404,-0.08678971087720526,-0.07978956758765726,-1.070581662239648,-0.20430078085190617,-0.8662808813877418,0.7233359163472316,0.4748555063768809,-0.2963453277282525,Low (<20%),17.00829749074373,18.617386878761813
CTL043,False,0.0656528354361433,114103552.62250453,2885042.5026498744,29.216022967960473,84289468.0209609,0.5355167230804074,5.0547084969922634e-05,0.7184214656777551,0.5064922922291444,1.4184252686568641,-0.5212070041410448,5.534240958668343,-0.07462234535021764,-0.10539662829320404,-0.09700904895528294,-1.0176634003674396,-0.03425608323250803,-0.9834073171349316,0.8138225420087213,0.5355167230804074,-0.3591601857539076,Low (<20%),18.552616950390572,18.249767480658942
CTL044,False,0.14734346648196928,24495747.405648086,998218.7550980985,55.52674236566461,55427835.638906576,0.4464507098000727,-0.00010520919170062831,0.5936996149080833,0.40987102882022236,1.4485034880776895,-0.6968465892561091,3.113176138699066,-0.06181448376219221,-0.0872461847973039,-0.08035882889084987,-1.0930053175899328,-0.24748573977809932,-0.8455195778118335,0.6894105432586926,0.4464507098000727,-0.2969550166457423,Low (<20%),17.014010085169353,17.830592473888316
CTL045,False,0.10520299809953867,44915498.8897075,1677750.1378523756,85.663272521008,143721567.28100678,0.4042130476963004,0.00030052304628357064,0.5131802827098905,0.3855020258842685,1.331199963301755,-0.4417445924358187,3.6043416870056926,-0.053039553609838176,-0.07502213065599744,-0.06895141969278963,-1.319045459032857,-0.24840374919277028,-1.0706417098400869,0.6190768988910313,0.4042130476963004,-0.25628961830866165,Low (<20%),17.62029348000238,18.783388425250372
CTL046,False,0.09264436517185723,83473659.02042742,2331353.6061179005,75.95213902896255,177071293.21753997,0.4254902605216598,-0.0015516161464996187,0.5653957276892776,0.4261893644804501,1.3266303075829409,-0.1690879983760245,4.729099890738791,-0.060318978167379855,-0.08453825463659113,-0.07841467161759381,-1.126151997163203,-0.29122318763496613,-0.8349288095282369,0.6500611733043409,0.4254902605216598,-0.2842494799911384,Low (<20%),18.240041679219644,18.992062995981154
CTL047,False,0.06690900846176703,24774474.724253654,1487229.837832258,58.80134849426634,87451119.98544583,0.5133773196412216,0.00013893765976545383,0.6350397208855235,0.4596872769339805,1.3814602943137946,-0.5635532111548327,6.830610289216239,-0.06586723703745104,-0.0930697817611524,-0.08562740814868636,-0.9695616031915663,-0.16192175035346312,-0.8076398528381031,0.7803708496890185,0.5133773196412216,-0.3173809227829963,Low (<20%),17.02532443610909,18.286590566498912
CTL048,False,0.1015923428254914,58486142.5653374,2477821.337020764,63.13129214128956,156428062.70137855,0.40618858620411374,-0.0005270378415637119,0.5588556581361838,0.3630878919368856,1.5391745925620892,-0.3923878253483274,10.689073065532435,-0.058614623528372274,-0.08255374975081461,-0.07619901058688396,-0.9144060153518925,-0.17405095231537107,-0.7403550630365214,0.6216625743366057,0.40618858620411374,-0.2799548669096556,Low (<20%),17.884300404916768,18.868106799016967
CTL049,False,0.13969753072069385,18490721.13704473,1147634.9046181396,55.752449222465195,63983456.74565151,0.4060647771077562,-0.0011153164484282285,0.5405552078669186,0.3724588314674476,1.4513153191647767,-0.8225901383545271,5.19420499078503,-0.057300749123726846,-0.08045595774142568,-0.0744909738608449,-1.2886325425659577,-0.3278821362206248,-0.9607504063453329,0.626115039664015,0.4060647771077562,-0.2713929203818875,Low (<20%),16.73277960406544,17.97413511956088
